order,year,title,place,category,image,description,link
1,2026,Scalable Computational Phenomics,Submitted manuscript,Research,,First-author work on scalable nuclear morphology phenomics.,
2,2026,Chemical Dice Integrator,Nature Communications,Publication,,Co-author on multimodal molecular representation learning.,
3,2025,Cellular Age Prediction Protocol,STAR Protocols,Publication,,Equal-contribution protocol for image-based cellular age prediction.,
4,2025,scCamAge,Cell Reports,Publication,,Context-aware prediction of cellular age and aging-associated phenotypes.,
5,2025,AgeXtend,Nature Aging,Publication,,Co-author on an explainable-AI platform for geroprotector discovery.,
6,2025,EMBO Immunology Meeting,"Marseille, France",Talk,,Oral presentation on biological insights from single-cell microscopy.,
7,2019,CSIR-UGC Junior Research Fellowship,All India Rank 139,Fellowship,,National research fellowship.,
8,2015,DST-INSPIRE Scholarship,Government of India,Scholarship,,National science scholarship.,
9,2014,National Child Science Congress,Gold Medal,Award,,Gold Medal at the 21st National Child Science Congress.,
