order,title,year,director,rating,poster,comment
1,Buffalo '66,1998,Vincent Gallo,,buffalo_66.jpg,
2,Meghe Dhaka Tara,1960,Ritwik Ghatak,,meghe_dhaka_tara.jpg,
3,Persona,1966,Ingmar Bergman,,persona.jpg,
4,Hiroshima mon amour,1959,Alain Resnais,,hiroshima_mon_amour.jpg,
5,Perfect Days,2023,Wim Wenders,,perfect_days.jpg,
6,Babylon,2022,Damien Chazelle,,babylon.jpg,
7,Midsommar,2019,Ari Aster,,midsommar.jpg,
8,The Worst Person in the World,2021,Joachim Trier,,the_worst_person_in_the_world.jpg,
9,Past Lives,2023,Celine Song,,past_lives.jpg,
10,The Great Dictator,1940,Charlie Chaplin,,the_great_dictator.jpg,
11,Barry Lyndon,1975,Stanley Kubrick,,barry_lyndon.jpg,
12,Trainspotting,1996,Danny Boyle,,trainspotting.jpg,
13,American Beauty,1999,Sam Mendes,,american_beauty.jpg,
14,The Man Who Sleeps,1974,Bernard Queysanne & Georges Perec,,the_man_who_sleeps.jpg,
15,Phantom Thread,2017,Paul Thomas Anderson,,phantom_thread.jpg,
16,Love,2015,Gaspar Noé,,love_2015.jpg,
17,Cléo from 5 to 7,1962,Agnès Varda,,cleo_from_5_to_7.jpg,
18,Belladonna of Sadness,1973,Eiichi Yamamoto,,belladonna_of_sadness.jpg,
19,Hour of the Wolf,1968,Ingmar Bergman,,hour_of_the_wolf.jpg,
20,Beautiful Boy,2018,Felix van Groeningen,,beautiful_boy.jpg,
21,Wheel of Ashes,1968,Peter Emanuel Goldman,,wheel_of_ashes.jpg,
22,Chungking Express,1994,Wong Kar-wai,,chungking_express.jpg,
23,Ikiru,1952,Akira Kurosawa,,ikiru.jpg,
24,Under the Skin,2013,Jonathan Glazer,,under_the_skin.jpg,
